{
	"credit": "Made with Blockbench",
	"parent": "block",
	"textures": {
		"0": "item/cosmetic/devhat/color",
		"1": "item/cosmetic/devhat/text",
		"particle": "item/cosmetic/devhat/color"
	},
	"elements": [
		{
			"from": [0, 0, 0],
			"to": [16, 7, 16],
			"faces": {
				"north": {"uv": [0, 0, 16, 16], "texture": "#1"},
				"east": {"uv": [0, 0, 12, 10], "texture": "#0"},
				"south": {"uv": [0, 0, 16, 10], "texture": "#0"},
				"west": {"uv": [0, 0, 12, 10], "texture": "#0"},
				"up": {"uv": [0, 0, 16, 12], "texture": "#0"},
				"down": {"uv": [0, 0, 16, 12], "texture": "#0"}
			}
		},
		{
			"from": [0, -1, -5],
			"to": [16, 1, 3],
			"rotation": {"angle": -22.5, "axis": "x", "origin": [0, 0, 0]},
			"faces": {
				"north": {"uv": [0, 0, 16, 2], "texture": "#0"},
				"east": {"uv": [0, 0, 8, 2], "texture": "#0"},
				"south": {"uv": [0, 0, 16, 2], "texture": "#missing"},
				"west": {"uv": [0, 0, 8, 2], "texture": "#0"},
				"up": {"uv": [0, 0, 16, 8], "texture": "#0"},
				"down": {"uv": [0, 0, 16, 8], "texture": "#0"}
			}
		}
	],
	"display": {
		"ground": {
			"translation": [0, 2.5, 0],
			"scale": [0.75, 0.75, 0.75]
		},
		"gui": {
			"rotation": [-180, -5.25, -180],
			"translation": [-0.25, 6.25, 0],
			"scale": [0.86133, 0.86133, 0.86133]
		},
		"head": {
			"translation": [0, 12, 0]
		}
	}
}