{
	"parent": "minecraft:block",
	"textures": {
		"0": "item/cosmetic/tophat/toptop",
		"1": "item/cosmetic/tophat/allleft",
		"2": "item/cosmetic/tophat/bottomtop",
		"particle": "item/cosmetic/tophat/toptop"
	},
	"elements": [
		{
			"from": [0, 12, 0],
			"to": [16, 15, 16],
			"faces": {
				"north": {"uv": [0, 0, 16, 3], "texture": "#0"},
				"east": {"uv": [0, 0, 16, 3], "texture": "#0"},
				"south": {"uv": [0, 0, 16, 3], "texture": "#0"},
				"west": {"uv": [0, 0, 16, 3], "texture": "#0"},
				"up": {"uv": [0, 0, 16, 16], "texture": "#2"},
				"down": {"uv": [0, 0, 16, 16], "texture": "#2"}
			}
		},
		{
			"from": [2, 15, 2],
			"to": [14, 29, 14],
			"faces": {
				"north": {"uv": [0, 0, 12, 14], "texture": "#1"},
				"east": {"uv": [0, 0, 12, 14], "texture": "#1"},
				"south": {"uv": [0, 0, 12, 14], "texture": "#1"},
				"west": {"uv": [0, 0, 12, 14], "texture": "#1"},
				"up": {"uv": [0, 0, 12, 12], "texture": "#0"},
				"down": {"uv": [0, 0, 12, 12], "texture": "#missing"}
			}
		}
	]
}