{
	"credit": "Made with Blockbench",
	"parent": "block",
	"textures": {
		"0": "item/cosmetic/trainconductor/color1",
		"1": "item/cosmetic/trainconductor/color2",
		"2": "item/cosmetic/trainconductor/nether_star",
		"particle": "item/cosmetic/trainconductor/color2"
	},
	"elements": [
		{
			"from": [0, 1, 0],
			"to": [16, 3, 16],
			"faces": {
				"north": {"uv": [0, 0, 16, 2], "texture": "#1"},
				"east": {"uv": [0, 0, 16, 2], "texture": "#1"},
				"south": {"uv": [0, 0, 16, 2], "texture": "#1"},
				"west": {"uv": [0, 0, 16, 2], "texture": "#1"},
				"up": {"uv": [0, 0, 16, 16], "texture": "#missing"},
				"down": {"uv": [0, 0, 16, 16], "texture": "#0"}
			}
		},
		{
			"from": [0.25, 0, -6],
			"to": [15.75, 2, 1],
			"rotation": {"angle": -22.5, "axis": "x", "origin": [0, 0, 0]},
			"faces": {
				"north": {"uv": [0, 0, 15.5, 2], "texture": "#0"},
				"east": {"uv": [0, 0, 7, 2], "texture": "#0"},
				"south": {"uv": [0, 0, 15.5, 2], "texture": "#missing"},
				"west": {"uv": [0, 0, 7, 2], "texture": "#0"},
				"up": {"uv": [0, 0, 15.5, 7], "texture": "#0"},
				"down": {"uv": [0, 0, 15.5, 7], "texture": "#0"}
			}
		},
		{
			"from": [-0.25, 3, -0.25],
			"to": [16.25, 9, 16.25],
			"faces": {
				"north": {"uv": [0, 0, 16, 6], "texture": "#0"},
				"east": {"uv": [0, 0, 16, 6], "texture": "#0"},
				"south": {"uv": [0, 0, 16, 6], "texture": "#0"},
				"west": {"uv": [0, 0, 16, 6], "texture": "#0"},
				"up": {"uv": [0, 0, 16, 16], "texture": "#0"},
				"down": {"uv": [0, 0, 16, 16], "texture": "#1"}
			}
		},
		{
			"from": [0.25, 0, 0.25],
			"to": [15.75, 1, 15.75],
			"faces": {
				"north": {"uv": [0, 0, 15.5, 1], "texture": "#0"},
				"east": {"uv": [0, 0, 15.5, 1], "texture": "#0"},
				"south": {"uv": [0, 0, 15.5, 1], "texture": "#0"},
				"west": {"uv": [0, 0, 15.5, 1], "texture": "#0"},
				"up": {"uv": [0, 0, 15.5, 15.5], "texture": "#missing"},
				"down": {"uv": [0, 0, 15.5, 15.5], "texture": "#0"}
			}
		},
		{
			"from": [5, -6, -0.5],
			"to": [14, 3, -0.5],
			"rotation": {"angle": 45, "axis": "z", "origin": [0, 0, 0]},
			"faces": {
				"north": {"uv": [0, 0, 16, 16], "texture": "#2"},
				"east": {"uv": [0, 0, 0, 6], "texture": "#2"},
				"south": {"uv": [0, 0, 6, 6], "texture": "#2"},
				"west": {"uv": [0, 0, 0, 6], "texture": "#2"},
				"up": {"uv": [0, 0, 6, 0], "texture": "#2"},
				"down": {"uv": [0, 0, 6, 0], "texture": "#2"}
			}
		}
	],
	"display": {
		"ground": {
			"translation": [0, 2.5, 0],
			"scale": [0.75, 0.75, 0.75]
		},
		"gui": {
			"rotation": [-158.75, -5.25, -180],
			"translation": [0.25, 4.5, 0],
			"scale": [0.86133, 0.86133, 0.86133]
		},
		"head": {
			"rotation": [-1.88, 16.72, 7.04],
			"translation": [-3, 10.5, -1.5],
			"scale": [0.75, 0.75, 0.75]
		}
	}
}