{
    "parent": "minecraft:item/handheld",
    "textures": {
        "layer0": "minecraft:item/warped_fungus_on_a_stick"
    },
    "overrides" : [
        {
            "predicate": {
                "custom_model_data": 7273
            }, 
            "model": "minecraft:item/totem_of_nofall"
        },
        {
            "predicate": {
                "custom_model_data": 7274
            }, 
            "model": "minecraft:item/wardenbound_sword"
        },
        {
            "predicate": {
                "custom_model_data": 7261
            }, 
            "model": "minecraft:item/echo_bow"
        },
        {
            "predicate": {
                "custom_model_data": 7262
            }, 
            "model": "minecraft:item/echo_bow_pull"
        },
        {
            "predicate": {
                "custom_model_data": 7281
            }, 
            "model": "minecraft:item/tophat"
        },
        {
            "predicate": {
                "custom_model_data": 7282
            }, 
            "model": "minecraft:item/devhat"
        }
    ]
}