{
	"credit": "Made with Blockbench",
	"textures": {
		"0": "item/misc/scrolls/colormap",
		"1": "item/misc/scrolls/script",
		"particle": "item/misc/scrolls/colormap"
	},
	"elements": [
		{
			"name": "longstick",
			"from": [14, -1, 14],
			"to": [16, 23, 16],
			"faces": {
				"north": {"uv": [2, 0, 4, 2], "texture": "#0"},
				"east": {"uv": [2, 0, 4, 2], "texture": "#0"},
				"south": {"uv": [2, 0, 4, 2], "texture": "#0"},
				"west": {"uv": [2, 0, 4, 2], "texture": "#0"},
				"up": {"uv": [2, 0, 4, 2], "texture": "#0"},
				"down": {"uv": [2, 0, 4, 2], "texture": "#0"}
			}
		},
		{
			"name": "stick",
			"from": [13.5, 1.5, 13.5],
			"to": [16.5, 20.5, 16.5],
			"faces": {
				"north": {"uv": [2, 0, 4, 2], "texture": "#0"},
				"east": {"uv": [2, 0, 4, 2], "texture": "#0"},
				"south": {"uv": [2, 0, 4, 2], "texture": "#0"},
				"west": {"uv": [2, 0, 4, 2], "texture": "#0"},
				"up": {"uv": [2, 0, 4, 2], "texture": "#0"},
				"down": {"uv": [2, 0, 4, 2], "texture": "#0"}
			}
		},
		{
			"name": "main",
			"from": [13, 2, 13],
			"to": [17, 20, 17],
			"faces": {
				"north": {"uv": [0, 0, 2, 2], "texture": "#0"},
				"east": {"uv": [0, 0, 2, 2], "texture": "#0"},
				"south": {"uv": [0, 0, 2, 2], "texture": "#0"},
				"west": {"uv": [0, 0, 2, 2], "texture": "#0"},
				"up": {"uv": [0, 0, 2, 2], "texture": "#0"},
				"down": {"uv": [0, 0, 2, 2], "texture": "#0"}
			}
		},
		{
			"name": "color",
			"from": [12.75, 6, 12.75],
			"to": [17.25, 16, 17.25],
			"faces": {
				"north": {"uv": [10, 0, 12, 1], "texture": "#0"},
				"east": {"uv": [10, 0, 12, 1], "texture": "#0"},
				"south": {"uv": [10, 0, 12, 1], "texture": "#0"},
				"west": {"uv": [10, 0, 12, 1], "texture": "#0"},
				"up": {"uv": [10, 1, 12, 2], "texture": "#0"},
				"down": {"uv": [10, 1, 12, 2], "texture": "#0"}
			}
		},
		{
			"name": "script",
			"from": [12.75, 6, 12.75],
			"to": [17.25, 16, 17.25],
			"faces": {
				"north": {"uv": [6.85714, 0, 13.73016, 10.25397], "texture": "#1"},
				"east": {"uv": [0, 0, 6.87302, 10.25397], "texture": "#1"},
				"south": {"uv": [6.85714, 5.74603, 13.73016, 16], "texture": "#1"},
				"west": {"uv": [3.93651, 5.74603, 10.80952, 16], "texture": "#1"},
				"up": {"uv": [0, 0, 6.87302, 10.25397], "texture": "#1"},
				"down": {"uv": [0, 0, 6.87302, 10.25397], "texture": "#1"}
			}
		}
	],
	"display": {
		"thirdperson_righthand": {
			"translation": [-3.5, -3.5, -3.5],
			"scale": [0.5, 0.5, 0.5]
		},
		"thirdperson_lefthand": {
			"translation": [3.5, -3.5, -3.5],
			"scale": [0.5, 0.5, 0.5]
		},
		"firstperson_righthand": {
			"rotation": [-14.17, -4.16, 16.01],
			"translation": [-3.75, 0.25, 0.75],
			"scale": [0.5, 0.5, 0.5]
		},
		"firstperson_lefthand": {
			"rotation": [-14.17, -4.16, 16.01],
			"translation": [3.25, 2, 0.75],
			"scale": [0.5, 0.5, 0.5]
		},
		"ground": {
			"rotation": [0, 0, 90],
			"translation": [2.5, -8.25, -5.25],
			"scale": [0.75, 0.75, 0.75]
		},
		"gui": {
			"rotation": [22, 0, -45],
			"translation": [-5, 4, 0],
			"scale": [0.75, 0.75, 0.75]
		},
		"head": {
			"rotation": [0, 0, 90],
			"translation": [2.5, -9.75, -13],
			"scale": [0.75, 0.75, 0.75]
		},
		"fixed": {
			"rotation": [0, 0, -45],
			"translation": [-5, 3, -5.75],
			"scale": [0.75, 0.75, 0.75]
		}
	}
}