{
    "parent": "minecraft:item/handheld",
    "textures": {
        "layer0": "minecraft:item/iron_axe"
    },
    "overrides" : [
        {
            "predicate": {
                "custom_model_data": 9008001
            }, 
            "model": "minecraft:item/weapons/burning_axe/notburning"
        },
        {
            "predicate": {
                "custom_model_data": 9008002
            }, 
            "model": "minecraft:item/weapons/burning_axe/burning"
        },
        {
            "predicate": {
                "custom_model_data": 9008003
            }, 
            "model": "minecraft:item/weapons/burning_axe/dragon"
        }
    ]
}