{
    "parent": "minecraft:item/handheld",
    "textures": {
        "layer0": "minecraft:item/warped_fungus_on_a_stick"
    },
    "overrides" : [
        {
            "predicate": {
                "custom_model_data": 8001001
            }, 
            "model": "minecraft:item/cosmetic/tophat"
        },
        {
            "predicate": {
                "custom_model_data": 8001002
            }, 
            "model": "minecraft:item/cosmetic/devhat"
        },
        {
            "predicate": {
                "custom_model_data": 8001003
            }, 
            "model": "minecraft:item/cosmetic/featherhat"
        },
        {
            "predicate": {
                "custom_model_data": 8001004
            }, 
            "model": "minecraft:item/cosmetic/witchhat"
        },


        
        {
            "predicate": {
                "custom_model_data": 9002001
            }, 
            "model": "minecraft:item/misc/totem_of_nofall"
        }
    ]
}