{
	"credit": "Made with Blockbench",
	"textures": {
		"0": "item/misc/shulker_box",
		"particle": "item/misc/shulker_box"
	},
	"elements": [
		{
			"from": [0, 0, 0],
			"to": [16, 17, 16],
			"faces": {
				"north": {"uv": [0, 0, 16, 16], "texture": "#0"},
				"east": {"uv": [0, 0, 16, 16], "texture": "#0"},
				"south": {"uv": [0, 0, 16, 16], "texture": "#0"},
				"west": {"uv": [0, 0, 16, 16], "texture": "#0"},
				"up": {"uv": [0, 0, 16, 16], "texture": "#0"},
				"down": {"uv": [0, 0, 16, 16], "texture": "#0"}
			}
		}
	],
	"display": {
		"head": {
			"translation": [0, -41, 0],
			"scale": [1.5, 1.5, 1.5]
		}
	}
}