{
	"textures": {
		"0": "item/misc/trident",
		"particle": "item/misc/trident"
	},
	"elements": [
		{
			"from": [0, -9, 0],
			"to": [2, 24.15, 2],
			"faces": {
				"north": {"uv": [7, 2, 9, 4], "texture": "#0"},
				"east": {"uv": [7, 2, 9, 16], "texture": "#0"},
				"south": {"uv": [7, 2, 9, 16], "texture": "#0"},
				"west": {"uv": [7, 2, 9, 16], "texture": "#0"},
				"up": {"uv": [7, 2, 9, 4], "texture": "#0"},
				"down": {"uv": [7, 2, 9, 4], "texture": "#0"}
			}
		},
		{
			"from": [-9.15, 11.9, 0.1],
			"to": [-7.15, 22.25, 1.9],
			"rotation": {"angle": -22.5, "axis": "z", "origin": [0, 0, 0]},
			"faces": {
				"north": {"uv": [7, 2, 9, 12.35], "texture": "#0"},
				"east": {"uv": [7, 2, 9, 12.35], "texture": "#0"},
				"south": {"uv": [7, 2, 9, 12.35], "texture": "#0"},
				"west": {"uv": [7, 2, 9, 12.35], "texture": "#0"},
				"up": {"uv": [7, 2, 9, 4], "texture": "#0"},
				"down": {"uv": [7, 4, 9, 6], "texture": "#0"}
			}
		},
		{
			"from": [9, 11, 0.1],
			"to": [11, 21.5, 1.9],
			"rotation": {"angle": 22.5, "axis": "z", "origin": [0, 0, 0]},
			"faces": {
				"north": {"uv": [7, 2, 9, 12.5], "texture": "#0"},
				"east": {"uv": [7, 2, 9, 12.5], "texture": "#0"},
				"south": {"uv": [7, 2, 9, 12.5], "texture": "#0"},
				"west": {"uv": [7, 2, 9, 12.5], "texture": "#0"},
				"up": {"uv": [7, 2, 9, 4], "texture": "#0"},
				"down": {"uv": [7, 4, 9, 6], "texture": "#0"}
			}
		}
	],
	"display": {
		"thirdperson_righthand": {
			"rotation": [0, 90, 0],
			"translation": [3.75, 0.25, -3.5],
			"scale": [0.5, 0.5, 0.5]
		},
		"thirdperson_lefthand": {
			"rotation": [0, 90, 0],
			"translation": [3.75, 0.25, 3.25],
			"scale": [0.5, 0.5, 0.5]
		},
		"firstperson_righthand": {
			"rotation": [-85, 116, 0],
			"translation": [2.75, -1.75, 0],
			"scale": [0.5, 0.5, 0.5]
		},
		"firstperson_lefthand": {
			"rotation": [-85, 116, 0],
			"translation": [6.5, 5, 1.75],
			"scale": [0.5, 0.5, 0.5]
		},
		"ground": {
			"rotation": [0, 0, 90],
			"translation": [0, 0, 3.5],
			"scale": [0.5, 0.5, 0.5]
		},
		"gui": {
			"rotation": [0, 0, -46.25],
			"translation": [2.5, -1.75, 0],
			"scale": [0.5, 0.5, 0.5]
		},
		"head": {
			"rotation": [0, 0, -138.5],
			"translation": [-15.25, 11.5, 8.25]
		},
		"fixed": {
			"rotation": [-90, 0, 0],
			"translation": [6.75, 6.5, 0]
		}
	}
}